run_id,timestamp,git_hash,objective,network_size,epoch,loss,euler_fb_mean,euler_fb_finite_ratio,violation_count,warning_count,exception_flag,exception_type,exception_message,lifetime_reward_mean
20260105_131431,2026-01-05T13:29:52.971869,6c5a48ebebf7b83f35ca1b620494e42394d48a01,euler,8x8,0,4.0620503425598145,0.13847707127693865,1.0,0,0,0,,,-0.16328317857431113
20260105_131431,2026-01-05T13:29:53.425268,6c5a48ebebf7b83f35ca1b620494e42394d48a01,euler,8x8,99,0.49766844511032104,0.09127844816383003,1.0,0,0,0,,,-0.4049245113503497
20260105_131431,2026-01-05T13:29:53.857527,6c5a48ebebf7b83f35ca1b620494e42394d48a01,euler,8x8,199,0.19615815579891205,0.08435616588969425,1.0,0,0,0,,,-0.520146071636586
20260105_131431,2026-01-05T13:29:54.288965,6c5a48ebebf7b83f35ca1b620494e42394d48a01,euler,8x8,299,0.12160789966583252,0.08066742330545822,1.0,0,0,0,,,-0.5734578255461811
20260105_131431,2026-01-05T13:29:54.713774,6c5a48ebebf7b83f35ca1b620494e42394d48a01,euler,8x8,399,0.08758869767189026,0.07761970321524131,1.0,0,0,0,,,-0.5968982493210567
20260105_131431,2026-01-05T13:29:55.154595,6c5a48ebebf7b83f35ca1b620494e42394d48a01,euler,8x8,499,0.1021331325173378,0.07496845070600103,1.0,0,0,0,,,-0.6049064284985
20260105_131431,2026-01-05T13:29:55.606628,6c5a48ebebf7b83f35ca1b620494e42394d48a01,euler,8x8,599,0.06424431502819061,0.0725529302781797,1.0,0,0,0,,,-0.6039340139040992
20260105_131431,2026-01-05T13:29:56.037282,6c5a48ebebf7b83f35ca1b620494e42394d48a01,euler,8x8,699,0.07325033843517303,0.07018002587014052,1.0,0,0,0,,,-0.5930257750314102
20260105_131431,2026-01-05T13:29:56.463597,6c5a48ebebf7b83f35ca1b620494e42394d48a01,euler,8x8,799,0.055334437638521194,0.06782305385997461,1.0,0,0,0,,,-0.574429340270312
20260105_131431,2026-01-05T13:29:56.890817,6c5a48ebebf7b83f35ca1b620494e42394d48a01,euler,8x8,899,0.04982797056436539,0.0663858003909263,1.0,0,0,0,,,-0.5467807113082221
20260105_131431,2026-01-05T13:29:57.331069,6c5a48ebebf7b83f35ca1b620494e42394d48a01,euler,8x8,999,0.03879179060459137,0.06607169518232694,1.0,0,0,0,,,-0.5116049852733588
20260105_131431,2026-01-05T13:29:57.761313,6c5a48ebebf7b83f35ca1b620494e42394d48a01,euler,8x8,1099,0.0340457558631897,0.06541726329778612,1.0,0,0,0,,,-0.47060727638339084
20260105_131431,2026-01-05T13:29:58.187987,6c5a48ebebf7b83f35ca1b620494e42394d48a01,euler,8x8,1199,0.03760070353746414,0.06453636536250996,1.0,0,0,0,,,-0.4255098393130139
20260105_131431,2026-01-05T13:29:58.618748,6c5a48ebebf7b83f35ca1b620494e42394d48a01,euler,8x8,1299,0.036846064031124115,0.06391235583672823,1.0,0,0,0,,,-0.377274716955274
20260105_131431,2026-01-05T13:29:59.060330,6c5a48ebebf7b83f35ca1b620494e42394d48a01,euler,8x8,1399,0.03037288598716259,0.06339004982321057,1.0,0,0,0,,,-0.3297808871954312
20260105_131431,2026-01-05T13:29:59.514268,6c5a48ebebf7b83f35ca1b620494e42394d48a01,euler,8x8,1499,0.022167764604091644,0.06283072117701521,1.0,0,0,0,,,-0.29495158994193904
20260105_131431,2026-01-05T13:29:59.947866,6c5a48ebebf7b83f35ca1b620494e42394d48a01,euler,8x8,1599,0.018842771649360657,0.06202953982308827,1.0,0,0,0,,,-0.26196572028688325
20260105_131431,2026-01-05T13:30:00.399882,6c5a48ebebf7b83f35ca1b620494e42394d48a01,euler,8x8,1699,0.024076491594314575,0.061250290031384796,1.0,0,0,0,,,-0.23154910323314365
20260105_131431,2026-01-05T13:30:00.837916,6c5a48ebebf7b83f35ca1b620494e42394d48a01,euler,8x8,1799,0.024197444319725037,0.06036769211801584,1.0,0,0,0,,,-0.1967110090097246
20260105_131431,2026-01-05T13:30:01.269467,6c5a48ebebf7b83f35ca1b620494e42394d48a01,euler,8x8,1899,0.024600617587566376,0.05974871986563812,1.0,0,0,0,,,-0.1578955892312509
20260105_131431,2026-01-05T13:30:01.695399,6c5a48ebebf7b83f35ca1b620494e42394d48a01,euler,8x8,1999,0.0215804111212492,0.0590716869930111,1.0,0,0,0,,,-0.1052749304457716
20260105_131431,2026-01-05T13:30:02.118371,6c5a48ebebf7b83f35ca1b620494e42394d48a01,euler,8x8,2099,0.02308802306652069,0.058529360012544204,1.0,0,0,0,,,-0.04606887567164466
20260105_131431,2026-01-05T13:30:02.561075,6c5a48ebebf7b83f35ca1b620494e42394d48a01,euler,8x8,2199,0.018144607543945312,0.057930500837064754,1.0,0,0,0,,,0.0047602109624353284
20260105_131431,2026-01-05T13:30:02.996530,6c5a48ebebf7b83f35ca1b620494e42394d48a01,euler,8x8,2299,0.011717509478330612,0.057366353877441725,1.0,0,0,0,,,0.04008731066800408
20260105_131431,2026-01-05T13:30:03.428510,6c5a48ebebf7b83f35ca1b620494e42394d48a01,euler,8x8,2399,0.01259129960089922,0.05691954280926439,1.0,0,0,0,,,0.06494329571750415
20260105_131431,2026-01-05T13:30:03.894728,6c5a48ebebf7b83f35ca1b620494e42394d48a01,euler,8x8,2499,0.014685721136629581,0.05638597748980828,1.0,0,0,0,,,0.08880734544656048
20260105_131431,2026-01-05T13:30:04.416539,6c5a48ebebf7b83f35ca1b620494e42394d48a01,euler,8x8,2599,0.012778244912624359,0.05594885569673352,1.0,0,0,0,,,0.10968926799192824
20260105_131431,2026-01-05T13:30:04.840643,6c5a48ebebf7b83f35ca1b620494e42394d48a01,euler,8x8,2699,0.013567770831286907,0.055582993991811235,1.0,0,0,0,,,0.13039936138169622
20260105_131431,2026-01-05T13:30:05.287683,6c5a48ebebf7b83f35ca1b620494e42394d48a01,euler,8x8,2799,0.010367128998041153,0.05536779723752261,1.0,0,0,0,,,0.1527315333853071
20260105_131431,2026-01-05T13:30:05.710123,6c5a48ebebf7b83f35ca1b620494e42394d48a01,euler,8x8,2899,0.00614579301327467,0.055281638996457334,1.0,0,0,0,,,0.17370420329538686
20260105_131431,2026-01-05T13:30:06.132746,6c5a48ebebf7b83f35ca1b620494e42394d48a01,euler,8x8,2999,0.009034075774252415,0.05559161035020224,1.0,0,0,0,,,0.1962245821515976
20260105_131431,2026-01-05T13:30:06.553157,6c5a48ebebf7b83f35ca1b620494e42394d48a01,euler,8x8,3099,0.008275984786450863,0.055272210105104025,1.0,0,0,0,,,0.20735464750505417
20260105_131431,2026-01-05T13:30:06.980578,6c5a48ebebf7b83f35ca1b620494e42394d48a01,euler,8x8,3199,0.005442120134830475,0.055359802715356635,1.0,0,0,0,,,0.21872508596916773
20260105_131431,2026-01-05T13:30:07.402437,6c5a48ebebf7b83f35ca1b620494e42394d48a01,euler,8x8,3299,0.005599943920969963,0.055285746787158134,1.0,0,0,0,,,0.22693706556498244
20260105_131431,2026-01-05T13:30:07.829514,6c5a48ebebf7b83f35ca1b620494e42394d48a01,euler,8x8,3399,0.00535933580249548,0.05506039045318176,1.0,0,0,0,,,0.23559238106468275
20260105_131431,2026-01-05T13:30:08.249918,6c5a48ebebf7b83f35ca1b620494e42394d48a01,euler,8x8,3499,0.004454509355127811,0.055003981047902925,1.0,0,0,0,,,0.24226812305036538
20260105_131431,2026-01-05T13:30:08.677386,6c5a48ebebf7b83f35ca1b620494e42394d48a01,euler,8x8,3599,0.003754817647859454,0.054877811886726705,1.0,0,0,0,,,0.24972345754687186
20260105_131431,2026-01-05T13:30:09.110439,6c5a48ebebf7b83f35ca1b620494e42394d48a01,euler,8x8,3699,0.0031335020903497934,0.05423558888716798,1.0,0,0,0,,,0.25309524142425066
20260105_131431,2026-01-05T13:30:09.536177,6c5a48ebebf7b83f35ca1b620494e42394d48a01,euler,8x8,3799,0.003919706214219332,0.0543915394036776,1.0,0,0,0,,,0.2626438356426469
20260105_131431,2026-01-05T13:30:09.979504,6c5a48ebebf7b83f35ca1b620494e42394d48a01,euler,8x8,3899,0.0037427416536957026,0.05479378322199409,1.0,0,0,0,,,0.271843384716537
20260105_131431,2026-01-05T13:30:10.401869,6c5a48ebebf7b83f35ca1b620494e42394d48a01,euler,8x8,3999,0.004271847195923328,0.054404772887592115,1.0,0,0,0,,,0.2724761905281353
20260105_131431,2026-01-05T13:30:10.829365,6c5a48ebebf7b83f35ca1b620494e42394d48a01,euler,8x8,4099,0.004066468216478825,0.054627097451284495,1.0,0,0,0,,,0.27978343701446606
20260105_131431,2026-01-05T13:30:11.261438,6c5a48ebebf7b83f35ca1b620494e42394d48a01,euler,8x8,4199,0.0038004377856850624,0.05478057709258792,1.0,0,0,0,,,0.2882649595470843
20260105_131431,2026-01-05T13:30:11.684833,6c5a48ebebf7b83f35ca1b620494e42394d48a01,euler,8x8,4299,0.0034001446329057217,0.05411146330154224,1.0,0,0,0,,,0.2902242192021067
20260105_131431,2026-01-05T13:30:12.104378,6c5a48ebebf7b83f35ca1b620494e42394d48a01,euler,8x8,4399,0.003816718701273203,0.05422162344135359,1.0,0,0,0,,,0.2944797374121
20260105_131431,2026-01-05T13:30:12.527260,6c5a48ebebf7b83f35ca1b620494e42394d48a01,euler,8x8,4499,0.003362660063430667,0.054077626209782466,1.0,0,0,0,,,0.29911112209743074
20260105_131431,2026-01-05T13:30:12.961509,6c5a48ebebf7b83f35ca1b620494e42394d48a01,euler,8x8,4599,0.0030290954746305943,0.05395475793153309,1.0,0,0,0,,,0.3020750068594617
20260105_131431,2026-01-05T13:30:13.389091,6c5a48ebebf7b83f35ca1b620494e42394d48a01,euler,8x8,4699,0.002472079824656248,0.05405059635304497,1.0,0,0,0,,,0.3056076080739161
20260105_131431,2026-01-05T13:30:13.838696,6c5a48ebebf7b83f35ca1b620494e42394d48a01,euler,8x8,4799,0.0022827484644949436,0.054036237638410964,1.0,0,0,0,,,0.30977249017923403
20260105_131431,2026-01-05T13:30:14.325063,6c5a48ebebf7b83f35ca1b620494e42394d48a01,euler,8x8,4899,0.001836647279560566,0.05330650075658923,1.0,0,0,0,,,0.31140429373866785
20260105_131431,2026-01-05T13:30:14.843727,6c5a48ebebf7b83f35ca1b620494e42394d48a01,euler,8x8,4999,0.0026306151412427425,0.05290253991546706,1.0,0,0,0,,,0.314716626164528
20260105_131431,2026-01-05T13:30:15.268023,6c5a48ebebf7b83f35ca1b620494e42394d48a01,euler,8x8,5099,0.002784455195069313,0.05267013365912135,1.0,0,0,0,,,0.31743418536497375
20260105_131431,2026-01-05T13:30:15.686605,6c5a48ebebf7b83f35ca1b620494e42394d48a01,euler,8x8,5199,0.002477169968187809,0.052818915527586795,1.0,0,0,0,,,0.3271292506213199
20260105_131431,2026-01-05T13:30:16.106712,6c5a48ebebf7b83f35ca1b620494e42394d48a01,euler,8x8,5299,0.002112581627443433,0.05289826686825108,1.0,0,0,0,,,0.3276047734683901
20260105_131431,2026-01-05T13:30:16.530138,6c5a48ebebf7b83f35ca1b620494e42394d48a01,euler,8x8,5399,0.0028385049663484097,0.05233831256446138,1.0,0,0,0,,,0.3274197267494948
20260105_131431,2026-01-05T13:30:16.953902,6c5a48ebebf7b83f35ca1b620494e42394d48a01,euler,8x8,5499,0.0022422531619668007,0.052399871548786905,1.0,0,0,0,,,0.32926863707338555
20260105_131431,2026-01-05T13:30:17.381283,6c5a48ebebf7b83f35ca1b620494e42394d48a01,euler,8x8,5599,0.0021405285224318504,0.05184908100742178,1.0,0,0,0,,,0.33140757350240035
20260105_131431,2026-01-05T13:30:17.812431,6c5a48ebebf7b83f35ca1b620494e42394d48a01,euler,8x8,5699,0.00176913570612669,0.05162853227377127,1.0,0,0,0,,,0.3328226037684737
20260105_131431,2026-01-05T13:30:18.245674,6c5a48ebebf7b83f35ca1b620494e42394d48a01,euler,8x8,5799,0.0030957376584410667,0.05121153496378611,1.0,0,0,0,,,0.33560207446471807
20260105_131431,2026-01-05T13:30:18.661120,6c5a48ebebf7b83f35ca1b620494e42394d48a01,euler,8x8,5899,0.0019969732966274023,0.050760661023123245,1.0,0,0,0,,,0.3340076525185528
20260105_131431,2026-01-05T13:30:19.077210,6c5a48ebebf7b83f35ca1b620494e42394d48a01,euler,8x8,5999,0.0030375837814062834,0.05036277645138398,1.0,0,0,0,,,0.3372719224777609
20260105_131431,2026-01-05T13:30:19.503933,6c5a48ebebf7b83f35ca1b620494e42394d48a01,euler,8x8,6099,0.002295049838721752,0.050454444028673606,1.0,0,0,0,,,0.3410064836158973
20260105_131431,2026-01-05T13:30:19.930188,6c5a48ebebf7b83f35ca1b620494e42394d48a01,euler,8x8,6199,0.0027763857506215572,0.050340034454693525,1.0,0,0,0,,,0.34197783661914904
20260105_131431,2026-01-05T13:30:20.348266,6c5a48ebebf7b83f35ca1b620494e42394d48a01,euler,8x8,6299,0.0020206854678690434,0.049624898801848755,1.0,0,0,0,,,0.342039936410097
20260105_131431,2026-01-05T13:30:20.774821,6c5a48ebebf7b83f35ca1b620494e42394d48a01,euler,8x8,6399,0.002107487991452217,0.04905260035804531,1.0,0,0,0,,,0.34520062936646523
20260105_131431,2026-01-05T13:30:21.222017,6c5a48ebebf7b83f35ca1b620494e42394d48a01,euler,8x8,6499,0.0022822190076112747,0.048730295144396224,1.0,0,0,0,,,0.34440130012022774
20260105_131431,2026-01-05T13:30:21.645910,6c5a48ebebf7b83f35ca1b620494e42394d48a01,euler,8x8,6599,0.001539954449981451,0.04847602398253002,1.0,0,0,0,,,0.3542624393459381
20260105_131431,2026-01-05T13:30:22.065971,6c5a48ebebf7b83f35ca1b620494e42394d48a01,euler,8x8,6699,0.0017873774049803615,0.04785198747416871,1.0,0,0,0,,,0.3553779981672045
20260105_131431,2026-01-05T13:30:22.488554,6c5a48ebebf7b83f35ca1b620494e42394d48a01,euler,8x8,6799,0.002134977374225855,0.04789633419086385,1.0,0,0,0,,,0.3555109240992185
20260105_131431,2026-01-05T13:30:22.912062,6c5a48ebebf7b83f35ca1b620494e42394d48a01,euler,8x8,6899,0.0015950552187860012,0.04731906278161659,1.0,0,0,0,,,0.35724389910496085
20260105_131431,2026-01-05T13:30:23.366472,6c5a48ebebf7b83f35ca1b620494e42394d48a01,euler,8x8,6999,0.0014609408099204302,0.04649963296220449,1.0,0,0,0,,,0.3624821929079226
20260105_131431,2026-01-05T13:30:23.812594,6c5a48ebebf7b83f35ca1b620494e42394d48a01,euler,8x8,7099,0.001466895337216556,0.046175534640406114,1.0,0,0,0,,,0.3605719468346892
20260105_131431,2026-01-05T13:30:24.248504,6c5a48ebebf7b83f35ca1b620494e42394d48a01,euler,8x8,7199,0.0013201108667999506,0.04586523753230722,1.0,0,0,0,,,0.3603875110904578
20260105_131431,2026-01-05T13:30:24.729193,6c5a48ebebf7b83f35ca1b620494e42394d48a01,euler,8x8,7299,0.0016558361239731312,0.04488575715001389,1.0,0,0,0,,,0.3649701551028818
20260105_131431,2026-01-05T13:30:25.224888,6c5a48ebebf7b83f35ca1b620494e42394d48a01,euler,8x8,7399,0.0012411449570208788,0.04492651156339889,1.0,0,0,0,,,0.36210746204351896
20260105_131431,2026-01-05T13:30:25.724131,6c5a48ebebf7b83f35ca1b620494e42394d48a01,euler,8x8,7499,0.0009901872836053371,0.04357009289903544,1.0,0,0,0,,,0.3703458022686015
20260105_131431,2026-01-05T13:30:26.159799,6c5a48ebebf7b83f35ca1b620494e42394d48a01,euler,8x8,7599,0.0009496616548858583,0.04387160146895439,1.0,0,0,0,,,0.3687686260302803
20260105_131431,2026-01-05T13:30:26.573930,6c5a48ebebf7b83f35ca1b620494e42394d48a01,euler,8x8,7699,0.0013662507990375161,0.042909836641974834,1.0,0,0,0,,,0.3733747880289422
20260105_131431,2026-01-05T13:30:26.999471,6c5a48ebebf7b83f35ca1b620494e42394d48a01,euler,8x8,7799,0.0007929776329547167,0.043037227830964184,1.0,0,0,0,,,0.3731990223840215
20260105_131431,2026-01-05T13:30:27.433491,6c5a48ebebf7b83f35ca1b620494e42394d48a01,euler,8x8,7899,0.0008794041932560503,0.04073667042042871,1.0,0,0,0,,,0.3803825784611512
20260105_131431,2026-01-05T13:30:27.862976,6c5a48ebebf7b83f35ca1b620494e42394d48a01,euler,8x8,7999,0.0009513132972642779,0.04273755461371365,1.0,0,0,0,,,0.37432768691309554
20260105_131431,2026-01-05T13:30:28.287877,6c5a48ebebf7b83f35ca1b620494e42394d48a01,euler,8x8,8099,0.001128220814280212,0.04123169588536257,1.0,0,0,0,,,0.3792686321853356
20260105_131431,2026-01-05T13:30:28.731087,6c5a48ebebf7b83f35ca1b620494e42394d48a01,euler,8x8,8199,0.0007501412183046341,0.04216197019878564,1.0,0,0,0,,,0.3764785377733675
20260105_131431,2026-01-05T13:30:29.177303,6c5a48ebebf7b83f35ca1b620494e42394d48a01,euler,8x8,8299,0.001123376889154315,0.04056416937909489,1.0,0,0,0,,,0.3812199417318806
20260105_131431,2026-01-05T13:30:29.619338,6c5a48ebebf7b83f35ca1b620494e42394d48a01,euler,8x8,8399,0.0012823842698708177,0.04143416989628349,1.0,0,0,0,,,0.37929413172534476
20260105_131431,2026-01-05T13:30:30.052449,6c5a48ebebf7b83f35ca1b620494e42394d48a01,euler,8x8,8499,0.0014091961784288287,0.04157261099991956,1.0,0,0,0,,,0.37868327127957446
20260105_131431,2026-01-05T13:30:30.484889,6c5a48ebebf7b83f35ca1b620494e42394d48a01,euler,8x8,8599,0.0009396348032169044,0.041988726450845205,1.0,0,0,0,,,0.3778798647455318
20260105_131431,2026-01-05T13:30:30.920060,6c5a48ebebf7b83f35ca1b620494e42394d48a01,euler,8x8,8699,0.0008345582755282521,0.04157899677294154,1.0,0,0,0,,,0.3790497099126414
20260105_131431,2026-01-05T13:30:31.343834,6c5a48ebebf7b83f35ca1b620494e42394d48a01,euler,8x8,8799,0.0014315254520624876,0.041599933152228916,1.0,0,0,0,,,0.3789070085006533
20260105_131431,2026-01-05T13:30:31.787434,6c5a48ebebf7b83f35ca1b620494e42394d48a01,euler,8x8,8899,0.0017104727448895574,0.04238825392503713,1.0,0,0,0,,,0.375702775797901
20260105_131431,2026-01-05T13:30:32.233037,6c5a48ebebf7b83f35ca1b620494e42394d48a01,euler,8x8,8999,0.0014254606794565916,0.040079876784875526,1.0,0,0,0,,,0.3831402991588249
20260105_131431,2026-01-05T13:30:32.665378,6c5a48ebebf7b83f35ca1b620494e42394d48a01,euler,8x8,9099,0.001541698002256453,0.039587768084911656,1.0,0,0,0,,,0.38450298074819456
20260105_131431,2026-01-05T13:30:33.101303,6c5a48ebebf7b83f35ca1b620494e42394d48a01,euler,8x8,9199,0.001343527459539473,0.04110067400838489,1.0,0,0,0,,,0.3807790013431843
20260105_131431,2026-01-05T13:30:33.755962,6c5a48ebebf7b83f35ca1b620494e42394d48a01,euler,8x8,9299,0.0011503559071570635,0.04267562877100318,1.0,0,0,0,,,0.37468057208272554
20260105_131431,2026-01-05T13:30:34.249149,6c5a48ebebf7b83f35ca1b620494e42394d48a01,euler,8x8,9399,0.0011172289960086346,0.0401095697479559,1.0,0,0,0,,,0.38326176838033443
20260105_131431,2026-01-05T13:30:34.755793,6c5a48ebebf7b83f35ca1b620494e42394d48a01,euler,8x8,9499,0.0009020514553412795,0.04168552436296522,1.0,0,0,0,,,0.37855834313410086
20260105_131431,2026-01-05T13:30:35.186334,6c5a48ebebf7b83f35ca1b620494e42394d48a01,euler,8x8,9599,0.0009283632971346378,0.04064834672045436,1.0,0,0,0,,,0.38212715229041616
20260105_131431,2026-01-05T13:30:35.614891,6c5a48ebebf7b83f35ca1b620494e42394d48a01,euler,8x8,9699,0.0010842778719961643,0.0412262628078679,1.0,0,0,0,,,0.3805371451267998
20260105_131431,2026-01-05T13:30:36.060176,6c5a48ebebf7b83f35ca1b620494e42394d48a01,euler,8x8,9799,0.0010311352089047432,0.04136155251550008,1.0,0,0,0,,,0.3797108527876282
20260105_131431,2026-01-05T13:30:36.489474,6c5a48ebebf7b83f35ca1b620494e42394d48a01,euler,8x8,9899,0.0007930262363515794,0.040730763749461406,1.0,0,0,0,,,0.38162158111020195
20260105_131431,2026-01-05T13:30:36.933180,6c5a48ebebf7b83f35ca1b620494e42394d48a01,euler,8x8,9999,0.0009038919233717024,0.03986273709427223,1.0,0,0,0,,,0.3844701683718785
20260105_131431,2026-01-05T13:30:37.280807,6c5a48ebebf7b83f35ca1b620494e42394d48a01,euler,16x16,0,1.222307801246643,0.06565697066958819,1.0,0,0,0,,,-1.3588285332309202
20260105_131431,2026-01-05T13:30:37.796903,6c5a48ebebf7b83f35ca1b620494e42394d48a01,euler,16x16,99,0.1130276471376419,2.497146896412014,1.0,97805,0,0,,,
20260105_131431,2026-01-05T13:30:38.331295,6c5a48ebebf7b83f35ca1b620494e42394d48a01,euler,16x16,199,0.04552818089723587,3.0522644253689215,1.0,329243,0,0,,,
20260105_131431,2026-01-05T13:30:38.867717,6c5a48ebebf7b83f35ca1b620494e42394d48a01,euler,16x16,299,0.03648596629500389,3.1305508121867023,1.0,346851,0,0,,,
20260105_131431,2026-01-05T13:30:39.408316,6c5a48ebebf7b83f35ca1b620494e42394d48a01,euler,16x16,399,0.019687211140990257,3.0790948009485875,1.0,346990,0,0,,,
20260105_131431,2026-01-05T13:30:39.948666,6c5a48ebebf7b83f35ca1b620494e42394d48a01,euler,16x16,499,0.026172520592808723,3.0492914758437837,1.0,350183,0,0,,,
20260105_131431,2026-01-05T13:30:40.489820,6c5a48ebebf7b83f35ca1b620494e42394d48a01,euler,16x16,599,0.015819033607840538,2.9789297073453054,1.0,347815,0,0,,,
20260105_131431,2026-01-05T13:30:41.022766,6c5a48ebebf7b83f35ca1b620494e42394d48a01,euler,16x16,699,0.022285033017396927,2.9013980230260494,1.0,346782,0,0,,,
20260105_131431,2026-01-05T13:30:41.571182,6c5a48ebebf7b83f35ca1b620494e42394d48a01,euler,16x16,799,0.009498098865151405,2.8656532795472596,1.0,350041,0,0,,,
20260105_131431,2026-01-05T13:30:42.115240,6c5a48ebebf7b83f35ca1b620494e42394d48a01,euler,16x16,899,0.008912047371268272,2.812425382686706,1.0,350046,0,0,,,
20260105_131431,2026-01-05T13:30:42.661128,6c5a48ebebf7b83f35ca1b620494e42394d48a01,euler,16x16,999,0.0021731280721724033,2.7727390007525536,1.0,351688,0,0,,,
20260105_131431,2026-01-05T13:30:43.234007,6c5a48ebebf7b83f35ca1b620494e42394d48a01,euler,16x16,1099,0.0052572572603821754,2.7561990709658857,1.0,354970,0,0,,,
20260105_131431,2026-01-05T13:30:43.857492,6c5a48ebebf7b83f35ca1b620494e42394d48a01,euler,16x16,1199,0.01274386141449213,2.764907370367946,1.0,360065,0,0,,,
20260105_131431,2026-01-05T13:30:44.396029,6c5a48ebebf7b83f35ca1b620494e42394d48a01,euler,16x16,1299,0.005517073906958103,2.75971496697166,1.0,362714,0,0,,,
20260105_131431,2026-01-05T13:30:44.945665,6c5a48ebebf7b83f35ca1b620494e42394d48a01,euler,16x16,1399,0.002231958322227001,2.7704383809037245,1.0,367392,0,0,,,
20260105_131431,2026-01-05T13:30:45.487392,6c5a48ebebf7b83f35ca1b620494e42394d48a01,euler,16x16,1499,0.0016220263205468655,2.758976363479087,1.0,369410,0,0,,,
20260105_131431,2026-01-05T13:30:46.019665,6c5a48ebebf7b83f35ca1b620494e42394d48a01,euler,16x16,1599,0.001333888154476881,2.7545437975732057,1.0,370951,0,0,,,
20260105_131431,2026-01-05T13:30:46.547226,6c5a48ebebf7b83f35ca1b620494e42394d48a01,euler,16x16,1699,0.0015506133204326034,2.755825642726195,1.0,373159,0,0,,,
20260105_131431,2026-01-05T13:30:47.075263,6c5a48ebebf7b83f35ca1b620494e42394d48a01,euler,16x16,1799,0.003682373557239771,2.7450474532457885,1.0,373932,0,0,,,
20260105_131431,2026-01-05T13:30:47.603463,6c5a48ebebf7b83f35ca1b620494e42394d48a01,euler,16x16,1899,0.001924209063872695,2.741553453227825,1.0,375211,0,0,,,
20260105_131431,2026-01-05T13:30:48.136166,6c5a48ebebf7b83f35ca1b620494e42394d48a01,euler,16x16,1999,0.0014359669294208288,2.7400341275474056,1.0,375955,0,0,,,
20260105_131431,2026-01-05T13:30:48.667356,6c5a48ebebf7b83f35ca1b620494e42394d48a01,euler,16x16,2099,0.004398400895297527,2.7361227976868396,1.0,376792,0,0,,,
20260105_131431,2026-01-05T13:30:49.205193,6c5a48ebebf7b83f35ca1b620494e42394d48a01,euler,16x16,2199,0.0027415077202022076,2.7333890752765,1.0,378257,0,0,,,
20260105_131431,2026-01-05T13:30:49.743998,6c5a48ebebf7b83f35ca1b620494e42394d48a01,euler,16x16,2299,0.0004728600033558905,2.7006490770513483,1.0,376330,0,0,,,
20260105_131431,2026-01-05T13:30:50.280335,6c5a48ebebf7b83f35ca1b620494e42394d48a01,euler,16x16,2399,0.0008828916470520198,2.719048034333609,1.0,378757,0,0,,,
20260105_131431,2026-01-05T13:30:50.829089,6c5a48ebebf7b83f35ca1b620494e42394d48a01,euler,16x16,2499,0.0017288336530327797,2.7385424649944614,1.0,381957,0,0,,,
20260105_131431,2026-01-05T13:30:51.376366,6c5a48ebebf7b83f35ca1b620494e42394d48a01,euler,16x16,2599,0.0012339885579422116,2.742378489602124,1.0,383173,0,0,,,
20260105_131431,2026-01-05T13:30:51.913044,6c5a48ebebf7b83f35ca1b620494e42394d48a01,euler,16x16,2699,0.0017160065472126007,2.7396001619947494,1.0,384025,0,0,,,
20260105_131431,2026-01-05T13:30:52.679902,6c5a48ebebf7b83f35ca1b620494e42394d48a01,euler,16x16,2799,0.002509716432541609,2.7643710109775568,1.0,386699,0,0,,,
20260105_131431,2026-01-05T13:30:53.238528,6c5a48ebebf7b83f35ca1b620494e42394d48a01,euler,16x16,2899,0.0007453569560311735,2.750568672264344,1.0,386464,0,0,,,
20260105_131431,2026-01-05T13:30:53.767313,6c5a48ebebf7b83f35ca1b620494e42394d48a01,euler,16x16,2999,0.0015330798923969269,2.760795052620306,1.0,388129,0,0,,,
20260105_131431,2026-01-05T13:30:54.296043,6c5a48ebebf7b83f35ca1b620494e42394d48a01,euler,16x16,3099,0.001315327943302691,2.752583754319421,1.0,388496,0,0,,,
20260105_131431,2026-01-05T13:30:54.820621,6c5a48ebebf7b83f35ca1b620494e42394d48a01,euler,16x16,3199,0.0008878980297595263,2.745555929213733,1.0,388604,0,0,,,
20260105_131431,2026-01-05T13:30:55.332736,6c5a48ebebf7b83f35ca1b620494e42394d48a01,euler,16x16,3299,0.001008355407975614,2.7429110379629855,1.0,388840,0,0,,,
20260105_131431,2026-01-05T13:30:55.868077,6c5a48ebebf7b83f35ca1b620494e42394d48a01,euler,16x16,3399,0.0015681597869843245,2.7659729254507694,1.0,389839,0,0,,,
20260105_131431,2026-01-05T13:30:56.404552,6c5a48ebebf7b83f35ca1b620494e42394d48a01,euler,16x16,3499,0.0007952119340188801,2.77192493639006,1.0,391628,0,0,,,
20260105_131431,2026-01-05T13:30:56.933090,6c5a48ebebf7b83f35ca1b620494e42394d48a01,euler,16x16,3599,0.0020449196454137564,2.7849135025153373,1.0,393296,0,0,,,
20260105_131431,2026-01-05T13:30:57.470517,6c5a48ebebf7b83f35ca1b620494e42394d48a01,euler,16x16,3699,0.000581871485337615,2.819037322526201,1.0,394728,0,0,,,
20260105_131431,2026-01-05T13:30:58.016810,6c5a48ebebf7b83f35ca1b620494e42394d48a01,euler,16x16,3799,0.0013328485656529665,2.8275742887210074,1.0,395680,0,0,,,
20260105_131431,2026-01-05T13:30:58.556480,6c5a48ebebf7b83f35ca1b620494e42394d48a01,euler,16x16,3899,0.0005915037472732365,2.846621666508654,1.0,396428,0,0,,,
20260105_131431,2026-01-05T13:30:59.091221,6c5a48ebebf7b83f35ca1b620494e42394d48a01,euler,16x16,3999,0.0011183099122717977,2.870262705904388,1.0,398014,0,0,,,
20260105_131431,2026-01-05T13:30:59.625405,6c5a48ebebf7b83f35ca1b620494e42394d48a01,euler,16x16,4099,0.0009398650145158172,2.893993873160507,1.0,400048,0,0,,,
20260105_131431,2026-01-05T13:31:00.157406,6c5a48ebebf7b83f35ca1b620494e42394d48a01,euler,16x16,4199,0.0009850775822997093,2.8996326913460506,1.0,400162,0,0,,,
20260105_131431,2026-01-05T13:31:00.697047,6c5a48ebebf7b83f35ca1b620494e42394d48a01,euler,16x16,4299,0.0004043760127387941,2.9120314965695435,1.0,400818,0,0,,,
20260105_131431,2026-01-05T13:31:01.237263,6c5a48ebebf7b83f35ca1b620494e42394d48a01,euler,16x16,4399,0.0005920572439208627,2.9205981897823947,1.0,402019,0,0,,,
20260105_131431,2026-01-05T13:31:01.773426,6c5a48ebebf7b83f35ca1b620494e42394d48a01,euler,16x16,4499,0.0008825098047964275,2.943524994790132,1.0,404359,0,0,,,
20260105_131431,2026-01-05T13:31:02.317757,6c5a48ebebf7b83f35ca1b620494e42394d48a01,euler,16x16,4599,0.0004686379979830235,2.948637793199596,1.0,404658,0,0,,,
20260105_131431,2026-01-05T13:31:02.922636,6c5a48ebebf7b83f35ca1b620494e42394d48a01,euler,16x16,4699,0.00036977423587813973,2.9683267610423356,1.0,406447,0,0,,,
20260105_131431,2026-01-05T13:31:03.467472,6c5a48ebebf7b83f35ca1b620494e42394d48a01,euler,16x16,4799,0.0008010545279830694,2.967494454469634,1.0,406197,0,0,,,
20260105_131431,2026-01-05T13:31:03.996060,6c5a48ebebf7b83f35ca1b620494e42394d48a01,euler,16x16,4899,0.0004137934010941535,2.9703025364069617,1.0,406474,0,0,,,
20260105_131431,2026-01-05T13:31:04.524333,6c5a48ebebf7b83f35ca1b620494e42394d48a01,euler,16x16,4999,0.00036019831895828247,2.9833363077226385,1.0,407850,0,0,,,
20260105_131431,2026-01-05T13:31:05.060052,6c5a48ebebf7b83f35ca1b620494e42394d48a01,euler,16x16,5099,0.000643567182123661,2.9867647381460847,1.0,408278,0,0,,,
20260105_131431,2026-01-05T13:31:05.585485,6c5a48ebebf7b83f35ca1b620494e42394d48a01,euler,16x16,5199,0.00043935482972301543,2.9934717250664833,1.0,409282,0,0,,,
20260105_131431,2026-01-05T13:31:06.116052,6c5a48ebebf7b83f35ca1b620494e42394d48a01,euler,16x16,5299,0.0003054579719901085,2.991783150841657,1.0,409021,0,0,,,
20260105_131431,2026-01-05T13:31:06.646044,6c5a48ebebf7b83f35ca1b620494e42394d48a01,euler,16x16,5399,0.000510071637108922,3.0020189607006613,1.0,410370,0,0,,,
20260105_131431,2026-01-05T13:31:07.170696,6c5a48ebebf7b83f35ca1b620494e42394d48a01,euler,16x16,5499,0.0002975585521198809,3.006312524363602,1.0,410863,0,0,,,
20260105_131431,2026-01-05T13:31:07.704860,6c5a48ebebf7b83f35ca1b620494e42394d48a01,euler,16x16,5599,0.0003484687767922878,3.0102809049155623,1.0,411643,0,0,,,
20260105_131431,2026-01-05T13:31:08.233108,6c5a48ebebf7b83f35ca1b620494e42394d48a01,euler,16x16,5699,0.0007439317414537072,3.0149507132859434,1.0,412454,0,0,,,
20260105_131431,2026-01-05T13:31:08.778039,6c5a48ebebf7b83f35ca1b620494e42394d48a01,euler,16x16,5799,0.0005042301490902901,3.020003412615697,1.0,413117,0,0,,,
20260105_131431,2026-01-05T13:31:09.306380,6c5a48ebebf7b83f35ca1b620494e42394d48a01,euler,16x16,5899,0.0003046461206395179,3.0230541731990526,1.0,413438,0,0,,,
20260105_131431,2026-01-05T13:31:09.842094,6c5a48ebebf7b83f35ca1b620494e42394d48a01,euler,16x16,5999,0.0005049468600191176,3.020075993460341,1.0,413166,0,0,,,
20260105_131431,2026-01-05T13:31:10.379004,6c5a48ebebf7b83f35ca1b620494e42394d48a01,euler,16x16,6099,0.0005179584841243923,3.02481570753851,1.0,413631,0,0,,,
20260105_131431,2026-01-05T13:31:10.911969,6c5a48ebebf7b83f35ca1b620494e42394d48a01,euler,16x16,6199,0.0005149871576577425,3.0284534597795574,1.0,414330,0,0,,,
20260105_131431,2026-01-05T13:31:11.449975,6c5a48ebebf7b83f35ca1b620494e42394d48a01,euler,16x16,6299,0.0006977819721214473,3.0318000566719276,1.0,415014,0,0,,,
20260105_131431,2026-01-05T13:31:12.004806,6c5a48ebebf7b83f35ca1b620494e42394d48a01,euler,16x16,6399,0.00039481488056480885,3.030265810362689,1.0,415293,0,0,,,
20260105_131431,2026-01-05T13:31:12.500486,6c5a48ebebf7b83f35ca1b620494e42394d48a01,euler,16x16,6499,0.0005463366978801787,3.0240812425292827,1.0,414796,0,0,,,
20260105_131431,2026-01-05T13:31:13.167803,6c5a48ebebf7b83f35ca1b620494e42394d48a01,euler,16x16,6599,0.0003157875034958124,3.031534852379991,1.0,415907,0,0,,,
20260105_131431,2026-01-05T13:31:13.845590,6c5a48ebebf7b83f35ca1b620494e42394d48a01,euler,16x16,6699,0.0002199146110797301,3.020390851525663,1.0,415097,0,0,,,
20260105_131431,2026-01-05T13:31:14.357569,6c5a48ebebf7b83f35ca1b620494e42394d48a01,euler,16x16,6799,0.0003586819802876562,3.022998668780856,1.0,415499,0,0,,,
20260105_131431,2026-01-05T13:31:14.892131,6c5a48ebebf7b83f35ca1b620494e42394d48a01,euler,16x16,6899,0.00041563939885236323,3.0199896904949126,1.0,415731,0,0,,,
20260105_131431,2026-01-05T13:31:15.436944,6c5a48ebebf7b83f35ca1b620494e42394d48a01,euler,16x16,6999,0.00045364684774540365,3.0141552415228214,1.0,415506,0,0,,,
20260105_131431,2026-01-05T13:31:15.970710,6c5a48ebebf7b83f35ca1b620494e42394d48a01,euler,16x16,7099,0.0004018196486867964,3.008036505446289,1.0,414931,0,0,,,
20260105_131431,2026-01-05T13:31:16.499935,6c5a48ebebf7b83f35ca1b620494e42394d48a01,euler,16x16,7199,0.0003597863542381674,3.003283002830067,1.0,414941,0,0,,,
20260105_131431,2026-01-05T13:31:17.038534,6c5a48ebebf7b83f35ca1b620494e42394d48a01,euler,16x16,7299,0.0004986650310456753,2.9965306406761374,1.0,414583,0,0,,,
20260105_131431,2026-01-05T13:31:17.568802,6c5a48ebebf7b83f35ca1b620494e42394d48a01,euler,16x16,7399,0.0003826629836112261,2.9975083956673187,1.0,414937,0,0,,,
20260105_131431,2026-01-05T13:31:18.101707,6c5a48ebebf7b83f35ca1b620494e42394d48a01,euler,16x16,7499,0.0007228975300677121,2.995643832641581,1.0,415192,0,0,,,
20260105_131431,2026-01-05T13:31:18.639740,6c5a48ebebf7b83f35ca1b620494e42394d48a01,euler,16x16,7599,0.00020459378720261157,2.994539904633493,1.0,415343,0,0,,,
20260105_131431,2026-01-05T13:31:19.178936,6c5a48ebebf7b83f35ca1b620494e42394d48a01,euler,16x16,7699,0.0003760102263186127,2.9841463662283787,1.0,414742,0,0,,,
20260105_131431,2026-01-05T13:31:19.726592,6c5a48ebebf7b83f35ca1b620494e42394d48a01,euler,16x16,7799,0.00038927386049181223,2.9788879755012023,1.0,414784,0,0,,,
20260105_131431,2026-01-05T13:31:20.274510,6c5a48ebebf7b83f35ca1b620494e42394d48a01,euler,16x16,7899,0.000376772484742105,2.9776140548869443,1.0,414919,0,0,,,
20260105_131431,2026-01-05T13:31:20.816736,6c5a48ebebf7b83f35ca1b620494e42394d48a01,euler,16x16,7999,0.0003668865538202226,2.97301051696566,1.0,414710,0,0,,,
20260105_131431,2026-01-05T13:31:21.361572,6c5a48ebebf7b83f35ca1b620494e42394d48a01,euler,16x16,8099,0.0005673998966813087,2.971057230123115,1.0,415039,0,0,,,
20260105_131431,2026-01-05T13:31:21.900503,6c5a48ebebf7b83f35ca1b620494e42394d48a01,euler,16x16,8199,0.00037580783828161657,2.975000224978721,1.0,415485,0,0,,,
20260105_131431,2026-01-05T13:31:22.441491,6c5a48ebebf7b83f35ca1b620494e42394d48a01,euler,16x16,8299,0.0004797424771822989,2.9679400022369373,1.0,414768,0,0,,,
20260105_131431,2026-01-05T13:31:23.151997,6c5a48ebebf7b83f35ca1b620494e42394d48a01,euler,16x16,8399,0.0004137942160014063,2.9682850037160096,1.0,414991,0,0,,,
20260105_131431,2026-01-05T13:31:23.679176,6c5a48ebebf7b83f35ca1b620494e42394d48a01,euler,16x16,8499,0.000461926800198853,2.960717187306145,1.0,414852,0,0,,,
20260105_131431,2026-01-05T13:31:24.208534,6c5a48ebebf7b83f35ca1b620494e42394d48a01,euler,16x16,8599,0.00044813595013692975,2.9527013271889153,1.0,414183,0,0,,,
20260105_131431,2026-01-05T13:31:24.742577,6c5a48ebebf7b83f35ca1b620494e42394d48a01,euler,16x16,8699,0.00036980616278015077,2.950468591648605,1.0,414341,0,0,,,
20260105_131431,2026-01-05T13:31:25.283669,6c5a48ebebf7b83f35ca1b620494e42394d48a01,euler,16x16,8799,0.0003944073978345841,2.9457358319315974,1.0,414405,0,0,,,
20260105_131431,2026-01-05T13:31:25.826164,6c5a48ebebf7b83f35ca1b620494e42394d48a01,euler,16x16,8899,0.00023134720686357468,2.938761469990277,1.0,413835,0,0,,,
20260105_131431,2026-01-05T13:31:26.360996,6c5a48ebebf7b83f35ca1b620494e42394d48a01,euler,16x16,8999,0.0003286798018962145,2.9344080194726847,1.0,413983,0,0,,,
20260105_131431,2026-01-05T13:31:26.905005,6c5a48ebebf7b83f35ca1b620494e42394d48a01,euler,16x16,9099,0.00023722232435829937,2.919870515179064,1.0,412896,0,0,,,
20260105_131431,2026-01-05T13:31:27.430897,6c5a48ebebf7b83f35ca1b620494e42394d48a01,euler,16x16,9199,0.0006061287131160498,2.9295761585851143,1.0,414266,0,0,,,
20260105_131431,2026-01-05T13:31:27.961348,6c5a48ebebf7b83f35ca1b620494e42394d48a01,euler,16x16,9299,0.00035547156585380435,2.9203402504282714,1.0,413354,0,0,,,
20260105_131431,2026-01-05T13:31:28.498873,6c5a48ebebf7b83f35ca1b620494e42394d48a01,euler,16x16,9399,0.0004448427353054285,2.925138597454934,1.0,413970,0,0,,,
20260105_131431,2026-01-05T13:31:29.031697,6c5a48ebebf7b83f35ca1b620494e42394d48a01,euler,16x16,9499,0.00029820017516613007,2.923185840560836,1.0,413864,0,0,,,
20260105_131431,2026-01-05T13:31:29.562283,6c5a48ebebf7b83f35ca1b620494e42394d48a01,euler,16x16,9599,0.0007048638071864843,2.917691629933324,1.0,413895,0,0,,,
20260105_131431,2026-01-05T13:31:30.100566,6c5a48ebebf7b83f35ca1b620494e42394d48a01,euler,16x16,9699,0.0004911206779070199,2.9145766052309043,1.0,413683,0,0,,,
20260105_131431,2026-01-05T13:31:30.630135,6c5a48ebebf7b83f35ca1b620494e42394d48a01,euler,16x16,9799,0.00025008482043631375,2.9051843183577146,1.0,412905,0,0,,,
20260105_131431,2026-01-05T13:31:31.156073,6c5a48ebebf7b83f35ca1b620494e42394d48a01,euler,16x16,9899,0.0003123399510513991,2.907607428313713,1.0,413388,0,0,,,
20260105_131431,2026-01-05T13:31:31.707222,6c5a48ebebf7b83f35ca1b620494e42394d48a01,euler,16x16,9999,0.00041239437996409833,2.8941326948680945,1.0,412201,0,0,,,
20260105_131431,2026-01-05T13:31:32.172812,6c5a48ebebf7b83f35ca1b620494e42394d48a01,euler,32x32,0,2.917766809463501,0.08407267253365718,1.0,0,0,0,,,-0.8632231116398752
20260105_131431,2026-01-05T13:31:33.183608,6c5a48ebebf7b83f35ca1b620494e42394d48a01,euler,32x32,99,0.0820806547999382,4.147682784920544,1.0,357038,0,0,,,
20260105_131431,2026-01-05T13:31:33.826668,6c5a48ebebf7b83f35ca1b620494e42394d48a01,euler,32x32,199,0.04989035800099373,4.174830890594603,1.0,372220,0,0,,,
20260105_131431,2026-01-05T13:31:34.500100,6c5a48ebebf7b83f35ca1b620494e42394d48a01,euler,32x32,299,0.031682007014751434,4.047373176306719,1.0,363359,0,0,,,
20260105_131431,2026-01-05T13:31:35.116532,6c5a48ebebf7b83f35ca1b620494e42394d48a01,euler,32x32,399,0.018432598561048508,4.034928845220893,1.0,358669,0,0,,,
20260105_131431,2026-01-05T13:31:35.723107,6c5a48ebebf7b83f35ca1b620494e42394d48a01,euler,32x32,499,0.020362095907330513,4.179331035647665,1.0,360277,0,0,,,
20260105_131431,2026-01-05T13:31:36.379903,6c5a48ebebf7b83f35ca1b620494e42394d48a01,euler,32x32,599,0.010374844074249268,4.350501167066468,1.0,366374,0,0,,,
20260105_131431,2026-01-05T13:31:37.021640,6c5a48ebebf7b83f35ca1b620494e42394d48a01,euler,32x32,699,0.01074054092168808,4.45252465092346,1.0,364635,0,0,,,
20260105_131431,2026-01-05T13:31:37.634286,6c5a48ebebf7b83f35ca1b620494e42394d48a01,euler,32x32,799,0.006979404017329216,4.57563736089327,1.0,371967,0,0,,,
20260105_131431,2026-01-05T13:31:38.274870,6c5a48ebebf7b83f35ca1b620494e42394d48a01,euler,32x32,899,0.005571180023252964,4.605019958671673,1.0,371141,0,0,,,
20260105_131431,2026-01-05T13:31:38.886090,6c5a48ebebf7b83f35ca1b620494e42394d48a01,euler,32x32,999,0.0028115909080952406,4.533504646997226,1.0,368160,0,0,,,
20260105_131431,2026-01-05T13:31:39.478115,6c5a48ebebf7b83f35ca1b620494e42394d48a01,euler,32x32,1099,0.0031150192953646183,4.509302229036548,1.0,367009,0,0,,,
20260105_131431,2026-01-05T13:31:40.156332,6c5a48ebebf7b83f35ca1b620494e42394d48a01,euler,32x32,1199,0.0033770769368857145,4.545710953233447,1.0,372321,0,0,,,
20260105_131431,2026-01-05T13:31:40.846535,6c5a48ebebf7b83f35ca1b620494e42394d48a01,euler,32x32,1299,0.0024758398067206144,4.589686813441985,1.0,374727,0,0,,,
20260105_131431,2026-01-05T13:31:41.449197,6c5a48ebebf7b83f35ca1b620494e42394d48a01,euler,32x32,1399,0.0028828512877225876,4.604414924963439,1.0,375527,0,0,,,
20260105_131431,2026-01-05T13:31:42.092035,6c5a48ebebf7b83f35ca1b620494e42394d48a01,euler,32x32,1499,0.001054715015925467,4.6623874776679255,1.0,377063,0,0,,,
20260105_131431,2026-01-05T13:31:42.728242,6c5a48ebebf7b83f35ca1b620494e42394d48a01,euler,32x32,1599,0.0012379084946587682,4.63782926529353,1.0,375555,0,0,,,
20260105_131431,2026-01-05T13:31:43.405661,6c5a48ebebf7b83f35ca1b620494e42394d48a01,euler,32x32,1699,0.001421240158379078,4.6509918055242085,1.0,375264,0,0,,,
20260105_131431,2026-01-05T13:31:44.225596,6c5a48ebebf7b83f35ca1b620494e42394d48a01,euler,32x32,1799,0.001779827754944563,4.655786439984804,1.0,374481,0,0,,,
20260105_131431,2026-01-05T13:31:44.853043,6c5a48ebebf7b83f35ca1b620494e42394d48a01,euler,32x32,1899,0.001755279372446239,4.612647237149049,1.0,372236,0,0,,,
20260105_131431,2026-01-05T13:31:45.456126,6c5a48ebebf7b83f35ca1b620494e42394d48a01,euler,32x32,1999,0.00147954560816288,4.657161980384608,1.0,375905,0,0,,,
20260105_131431,2026-01-05T13:31:46.087186,6c5a48ebebf7b83f35ca1b620494e42394d48a01,euler,32x32,2099,0.0017215695697814226,4.712540411463033,1.0,380284,0,0,,,
20260105_131431,2026-01-05T13:31:46.714534,6c5a48ebebf7b83f35ca1b620494e42394d48a01,euler,32x32,2199,0.0013250332558527589,4.701433894372112,1.0,379754,0,0,,,
20260105_131431,2026-01-05T13:31:47.343255,6c5a48ebebf7b83f35ca1b620494e42394d48a01,euler,32x32,2299,0.0006999167962931097,4.722558598672058,1.0,380308,0,0,,,
20260105_131431,2026-01-05T13:31:47.989345,6c5a48ebebf7b83f35ca1b620494e42394d48a01,euler,32x32,2399,0.0009150435216724873,4.631228948487342,1.0,373950,0,0,,,
20260105_131431,2026-01-05T13:31:48.647914,6c5a48ebebf7b83f35ca1b620494e42394d48a01,euler,32x32,2499,0.0012447768822312355,4.653430436263779,1.0,376992,0,0,,,
20260105_131431,2026-01-05T13:31:49.269770,6c5a48ebebf7b83f35ca1b620494e42394d48a01,euler,32x32,2599,0.000926914915908128,4.686394020826328,1.0,378363,0,0,,,
20260105_131431,2026-01-05T13:31:49.910796,6c5a48ebebf7b83f35ca1b620494e42394d48a01,euler,32x32,2699,0.0010846902150660753,4.693214355205846,1.0,378164,0,0,,,
20260105_131431,2026-01-05T13:31:50.561112,6c5a48ebebf7b83f35ca1b620494e42394d48a01,euler,32x32,2799,0.0010039887856692076,4.691141195077116,1.0,377807,0,0,,,
20260105_131431,2026-01-05T13:31:51.189523,6c5a48ebebf7b83f35ca1b620494e42394d48a01,euler,32x32,2899,0.0007661108393222094,4.684841106436879,1.0,378576,0,0,,,
20260105_131431,2026-01-05T13:31:51.879676,6c5a48ebebf7b83f35ca1b620494e42394d48a01,euler,32x32,2999,0.0007328858482651412,4.66922867973417,1.0,376599,0,0,,,
20260105_131431,2026-01-05T13:31:52.564112,6c5a48ebebf7b83f35ca1b620494e42394d48a01,euler,32x32,3099,0.0006675255135633051,4.642365684400138,1.0,375834,0,0,,,
20260105_131431,2026-01-05T13:31:53.401842,6c5a48ebebf7b83f35ca1b620494e42394d48a01,euler,32x32,3199,0.0004344474000390619,4.638214578633688,1.0,377907,0,0,,,
20260105_131431,2026-01-05T13:31:54.128619,6c5a48ebebf7b83f35ca1b620494e42394d48a01,euler,32x32,3299,0.0005271882982924581,4.644108049035504,1.0,378551,0,0,,,
20260105_131431,2026-01-05T13:31:54.734773,6c5a48ebebf7b83f35ca1b620494e42394d48a01,euler,32x32,3399,0.0005693072453141212,4.731896602679772,1.0,384937,0,0,,,
20260105_131431,2026-01-05T13:31:55.364733,6c5a48ebebf7b83f35ca1b620494e42394d48a01,euler,32x32,3499,0.0005231439718045294,4.641491073109418,1.0,379105,0,0,,,
20260105_131431,2026-01-05T13:31:55.981848,6c5a48ebebf7b83f35ca1b620494e42394d48a01,euler,32x32,3599,0.0004416368901729584,4.6915641766937,1.0,380839,0,0,,,
20260105_131431,2026-01-05T13:31:56.672445,6c5a48ebebf7b83f35ca1b620494e42394d48a01,euler,32x32,3699,0.0003934429259970784,4.64943328565314,1.0,379977,0,0,,,
20260105_131431,2026-01-05T13:31:57.319011,6c5a48ebebf7b83f35ca1b620494e42394d48a01,euler,32x32,3799,0.0003843472804874182,4.655456871384959,1.0,381372,0,0,,,
20260105_131431,2026-01-05T13:31:57.978435,6c5a48ebebf7b83f35ca1b620494e42394d48a01,euler,32x32,3899,0.0002953602815978229,4.622533617675672,1.0,377769,0,0,,,
20260105_131431,2026-01-05T13:31:58.621950,6c5a48ebebf7b83f35ca1b620494e42394d48a01,euler,32x32,3999,0.0006436684052459896,4.621557962757379,1.0,380583,0,0,,,
20260105_131431,2026-01-05T13:31:59.303328,6c5a48ebebf7b83f35ca1b620494e42394d48a01,euler,32x32,4099,0.0005266961525194347,4.610245336881289,1.0,378082,0,0,,,
20260105_131431,2026-01-05T13:31:59.953975,6c5a48ebebf7b83f35ca1b620494e42394d48a01,euler,32x32,4199,0.0003985281800851226,4.605316658921838,1.0,379612,0,0,,,
20260105_131431,2026-01-05T13:32:00.575140,6c5a48ebebf7b83f35ca1b620494e42394d48a01,euler,32x32,4299,0.0006214753957465291,4.6183534416679235,1.0,379708,0,0,,,
20260105_131431,2026-01-05T13:32:01.240051,6c5a48ebebf7b83f35ca1b620494e42394d48a01,euler,32x32,4399,0.0005360718350857496,4.637137703711897,1.0,379852,0,0,,,
20260105_131431,2026-01-05T13:32:01.901675,6c5a48ebebf7b83f35ca1b620494e42394d48a01,euler,32x32,4499,0.00040055112913250923,4.596991966485075,1.0,379458,0,0,,,
20260105_131431,2026-01-05T13:32:02.654903,6c5a48ebebf7b83f35ca1b620494e42394d48a01,euler,32x32,4599,0.0006532801780849695,4.5899874136688865,1.0,380127,0,0,,,
20260105_131431,2026-01-05T13:32:03.313225,6c5a48ebebf7b83f35ca1b620494e42394d48a01,euler,32x32,4699,0.0003097448206972331,4.632845037186098,1.0,381666,0,0,,,
20260105_131431,2026-01-05T13:32:03.925992,6c5a48ebebf7b83f35ca1b620494e42394d48a01,euler,32x32,4799,0.0002453803608659655,4.602525244699491,1.0,380277,0,0,,,
20260105_131431,2026-01-05T13:32:04.545161,6c5a48ebebf7b83f35ca1b620494e42394d48a01,euler,32x32,4899,0.0002102568105328828,4.55031542884557,1.0,377368,0,0,,,
20260105_131431,2026-01-05T13:32:05.176089,6c5a48ebebf7b83f35ca1b620494e42394d48a01,euler,32x32,4999,0.00016399857122451067,4.59492987356648,1.0,380415,0,0,,,
20260105_131431,2026-01-05T13:32:05.821795,6c5a48ebebf7b83f35ca1b620494e42394d48a01,euler,32x32,5099,0.00045574409887194633,4.546717706197387,1.0,379542,0,0,,,
20260105_131431,2026-01-05T13:32:06.443830,6c5a48ebebf7b83f35ca1b620494e42394d48a01,euler,32x32,5199,0.00026620680000633,4.529955493837897,1.0,379295,0,0,,,
20260105_131431,2026-01-05T13:32:07.059798,6c5a48ebebf7b83f35ca1b620494e42394d48a01,euler,32x32,5299,0.0003184800734743476,4.535852618905674,1.0,378989,0,0,,,
20260105_131431,2026-01-05T13:32:07.718353,6c5a48ebebf7b83f35ca1b620494e42394d48a01,euler,32x32,5399,0.00013257759565021843,4.514749750527053,1.0,378639,0,0,,,
20260105_131431,2026-01-05T13:32:08.349132,6c5a48ebebf7b83f35ca1b620494e42394d48a01,euler,32x32,5499,0.0001711971708573401,4.581166465809301,1.0,382941,0,0,,,
20260105_131431,2026-01-05T13:32:08.996747,6c5a48ebebf7b83f35ca1b620494e42394d48a01,euler,32x32,5599,0.0003420189314056188,4.530428622829341,1.0,379888,0,0,,,
20260105_131431,2026-01-05T13:32:09.648721,6c5a48ebebf7b83f35ca1b620494e42394d48a01,euler,32x32,5699,0.00019019361934624612,4.521231972939204,1.0,379464,0,0,,,
20260105_131431,2026-01-05T13:32:10.264983,6c5a48ebebf7b83f35ca1b620494e42394d48a01,euler,32x32,5799,0.0002909841132350266,4.508120814840286,1.0,379056,0,0,,,
20260105_131431,2026-01-05T13:32:10.915401,6c5a48ebebf7b83f35ca1b620494e42394d48a01,euler,32x32,5899,0.0002451858017593622,4.502100922836307,1.0,378520,0,0,,,
20260105_131431,2026-01-05T13:32:11.604498,6c5a48ebebf7b83f35ca1b620494e42394d48a01,euler,32x32,5999,0.0002375841431785375,4.509855807625663,1.0,379392,0,0,,,
20260105_131431,2026-01-05T13:32:12.544184,6c5a48ebebf7b83f35ca1b620494e42394d48a01,euler,32x32,6099,0.00039841627585701644,4.4806273257062825,1.0,375682,0,0,,,
20260105_131431,2026-01-05T13:32:13.170679,6c5a48ebebf7b83f35ca1b620494e42394d48a01,euler,32x32,6199,0.0001344029005849734,4.503295023684132,1.0,378371,0,0,,,
20260105_131431,2026-01-05T13:32:13.803453,6c5a48ebebf7b83f35ca1b620494e42394d48a01,euler,32x32,6299,0.00023560531553812325,4.545868448747615,1.0,380080,0,0,,,
20260105_131431,2026-01-05T13:32:14.444249,6c5a48ebebf7b83f35ca1b620494e42394d48a01,euler,32x32,6399,3.6140059819445014e-05,4.564282775325873,1.0,382839,0,0,,,
20260105_131431,2026-01-05T13:32:15.086588,6c5a48ebebf7b83f35ca1b620494e42394d48a01,euler,32x32,6499,0.00040295530925504863,4.597645228359961,1.0,383328,0,0,,,
20260105_131431,2026-01-05T13:32:15.762174,6c5a48ebebf7b83f35ca1b620494e42394d48a01,euler,32x32,6599,0.00023035651247482747,4.546920574317382,1.0,382107,0,0,,,
20260105_131431,2026-01-05T13:32:16.391396,6c5a48ebebf7b83f35ca1b620494e42394d48a01,euler,32x32,6699,0.0002468897437211126,4.566580381475287,1.0,382871,0,0,,,
20260105_131431,2026-01-05T13:32:17.001247,6c5a48ebebf7b83f35ca1b620494e42394d48a01,euler,32x32,6799,0.0003556158917490393,4.555180428716821,1.0,381193,0,0,,,
20260105_131431,2026-01-05T13:32:17.665884,6c5a48ebebf7b83f35ca1b620494e42394d48a01,euler,32x32,6899,0.0002718782634474337,4.559593233454516,1.0,383266,0,0,,,
20260105_131431,2026-01-05T13:32:18.331319,6c5a48ebebf7b83f35ca1b620494e42394d48a01,euler,32x32,6999,0.0001935067994054407,4.567896719424916,1.0,382637,0,0,,,
20260105_131431,2026-01-05T13:32:19.013617,6c5a48ebebf7b83f35ca1b620494e42394d48a01,euler,32x32,7099,0.00011883785191457719,4.550513734706974,1.0,381335,0,0,,,
20260105_131431,2026-01-05T13:32:19.693544,6c5a48ebebf7b83f35ca1b620494e42394d48a01,euler,32x32,7199,0.0003897440619766712,4.525781185170882,1.0,378908,0,0,,,
20260105_131431,2026-01-05T13:32:20.326336,6c5a48ebebf7b83f35ca1b620494e42394d48a01,euler,32x32,7299,0.00010034840670414269,4.532501897651046,1.0,381537,0,0,,,
20260105_131431,2026-01-05T13:32:21.104371,6c5a48ebebf7b83f35ca1b620494e42394d48a01,euler,32x32,7399,0.00019113907183054835,4.525920686736863,1.0,380637,0,0,,,
20260105_131431,2026-01-05T13:32:21.736398,6c5a48ebebf7b83f35ca1b620494e42394d48a01,euler,32x32,7499,0.000381245044991374,4.5669311863419715,1.0,381420,0,0,,,
20260105_131431,2026-01-05T13:32:22.374508,6c5a48ebebf7b83f35ca1b620494e42394d48a01,euler,32x32,7599,0.00018386381270829588,4.545939247575352,1.0,380771,0,0,,,
20260105_131431,2026-01-05T13:32:22.994496,6c5a48ebebf7b83f35ca1b620494e42394d48a01,euler,32x32,7699,0.0005175432888790965,4.591874379688152,1.0,384397,0,0,,,
20260105_131431,2026-01-05T13:32:23.613667,6c5a48ebebf7b83f35ca1b620494e42394d48a01,euler,32x32,7799,0.00022156117483973503,4.6012571111418765,1.0,385753,0,0,,,
20260105_131431,2026-01-05T13:32:24.257076,6c5a48ebebf7b83f35ca1b620494e42394d48a01,euler,32x32,7899,0.0002430164022371173,4.590041845543356,1.0,383453,0,0,,,
20260105_131431,2026-01-05T13:32:24.870377,6c5a48ebebf7b83f35ca1b620494e42394d48a01,euler,32x32,7999,0.00017222712631337345,4.596091284254453,1.0,383490,0,0,,,
20260105_131431,2026-01-05T13:32:25.489110,6c5a48ebebf7b83f35ca1b620494e42394d48a01,euler,32x32,8099,0.0001561870740260929,4.474532715243413,1.0,375921,0,0,,,
20260105_131431,2026-01-05T13:32:26.132085,6c5a48ebebf7b83f35ca1b620494e42394d48a01,euler,32x32,8199,0.00011634156544459984,4.515930876644206,1.0,379853,0,0,,,
20260105_131431,2026-01-05T13:32:26.763255,6c5a48ebebf7b83f35ca1b620494e42394d48a01,euler,32x32,8299,7.372421532636508e-05,4.490800648002114,1.0,378969,0,0,,,
20260105_131431,2026-01-05T13:32:27.455699,6c5a48ebebf7b83f35ca1b620494e42394d48a01,euler,32x32,8399,9.143879287876189e-05,4.544662831350797,1.0,381565,0,0,,,
20260105_131431,2026-01-05T13:32:28.031940,6c5a48ebebf7b83f35ca1b620494e42394d48a01,euler,32x32,8499,0.00015032931696623564,4.565375634911797,1.0,382532,0,0,,,
20260105_131431,2026-01-05T13:32:28.752578,6c5a48ebebf7b83f35ca1b620494e42394d48a01,euler,32x32,8599,0.0003012527013197541,4.477526445594258,1.0,376743,0,0,,,
20260105_131431,2026-01-05T13:32:29.644348,6c5a48ebebf7b83f35ca1b620494e42394d48a01,euler,32x32,8699,0.0001348925579804927,4.51403200002831,1.0,380917,0,0,,,
20260105_131431,2026-01-05T13:32:30.430210,6c5a48ebebf7b83f35ca1b620494e42394d48a01,euler,32x32,8799,0.00039481601561419666,4.564042653833249,1.0,383175,0,0,,,
20260105_131431,2026-01-05T13:32:31.065233,6c5a48ebebf7b83f35ca1b620494e42394d48a01,euler,32x32,8899,0.00018862701836042106,4.40784041301552,1.0,373309,0,0,,,
20260105_131431,2026-01-05T13:32:31.939857,6c5a48ebebf7b83f35ca1b620494e42394d48a01,euler,32x32,8999,0.00031607577693648636,4.428016374593589,1.0,373143,0,0,,,
20260105_131431,2026-01-05T13:32:32.605468,6c5a48ebebf7b83f35ca1b620494e42394d48a01,euler,32x32,9099,0.00014520825061481446,4.429843508862677,1.0,373987,0,0,,,
20260105_131431,2026-01-05T13:32:33.241016,6c5a48ebebf7b83f35ca1b620494e42394d48a01,euler,32x32,9199,0.0001692560181254521,4.452110756262437,1.0,376123,0,0,,,
20260105_131431,2026-01-05T13:32:33.852360,6c5a48ebebf7b83f35ca1b620494e42394d48a01,euler,32x32,9299,0.0001226384483743459,4.39747757696914,1.0,372943,0,0,,,
20260105_131431,2026-01-05T13:32:34.575614,6c5a48ebebf7b83f35ca1b620494e42394d48a01,euler,32x32,9399,0.00018098970758728683,4.450168502194247,1.0,374787,0,0,,,
20260105_131431,2026-01-05T13:32:35.234184,6c5a48ebebf7b83f35ca1b620494e42394d48a01,euler,32x32,9499,8.221331518143415e-05,4.5229446093352,1.0,380867,0,0,,,
20260105_131431,2026-01-05T13:32:35.882750,6c5a48ebebf7b83f35ca1b620494e42394d48a01,euler,32x32,9599,0.00015419800183735788,4.512985932272013,1.0,379450,0,0,,,
20260105_131431,2026-01-05T13:32:36.525437,6c5a48ebebf7b83f35ca1b620494e42394d48a01,euler,32x32,9699,0.00017581795691512525,4.3182919560967274,1.0,365118,0,0,,,
20260105_131431,2026-01-05T13:32:37.231802,6c5a48ebebf7b83f35ca1b620494e42394d48a01,euler,32x32,9799,0.0002283624344272539,4.305061819938674,1.0,365669,0,0,,,
20260105_131431,2026-01-05T13:32:38.040650,6c5a48ebebf7b83f35ca1b620494e42394d48a01,euler,32x32,9899,7.312631350941956e-05,4.293532756565265,1.0,364627,0,0,,,
20260105_131431,2026-01-05T13:32:38.652859,6c5a48ebebf7b83f35ca1b620494e42394d48a01,euler,32x32,9999,9.609134576749057e-05,4.343796228840265,1.0,368223,0,0,,,
20260105_131431,2026-01-05T13:32:39.163278,6c5a48ebebf7b83f35ca1b620494e42394d48a01,euler,64x64,0,1.81637442111969,0.07395282118020986,1.0,0,0,0,,,-1.2030428901836108
20260105_131431,2026-01-05T13:32:40.072125,6c5a48ebebf7b83f35ca1b620494e42394d48a01,euler,64x64,99,0.04903793707489967,2.8567385613736405,1.0,286019,0,0,,,
20260105_131431,2026-01-05T13:32:41.100973,6c5a48ebebf7b83f35ca1b620494e42394d48a01,euler,64x64,199,0.031184513121843338,2.7873308994866965,1.0,288419,0,0,,,
20260105_131431,2026-01-05T13:32:42.093003,6c5a48ebebf7b83f35ca1b620494e42394d48a01,euler,64x64,299,0.021914035081863403,2.617975937461233,1.0,266358,0,0,,,
20260105_131431,2026-01-05T13:32:43.078472,6c5a48ebebf7b83f35ca1b620494e42394d48a01,euler,64x64,399,0.011474172584712505,2.635689160173351,1.0,270138,0,0,,,
20260105_131431,2026-01-05T13:32:44.076773,6c5a48ebebf7b83f35ca1b620494e42394d48a01,euler,64x64,499,0.013619750738143921,2.7015877078980703,1.0,280532,0,0,,,
20260105_131431,2026-01-05T13:32:45.107600,6c5a48ebebf7b83f35ca1b620494e42394d48a01,euler,64x64,599,0.007115955464541912,2.765939908093169,1.0,286638,0,0,,,
20260105_131431,2026-01-05T13:32:46.133410,6c5a48ebebf7b83f35ca1b620494e42394d48a01,euler,64x64,699,0.008048105984926224,2.853392074923613,1.0,292137,0,0,,,
20260105_131431,2026-01-05T13:32:47.091519,6c5a48ebebf7b83f35ca1b620494e42394d48a01,euler,64x64,799,0.004190342500805855,2.9675104081440806,1.0,300120,0,0,,,
20260105_131431,2026-01-05T13:32:48.307555,6c5a48ebebf7b83f35ca1b620494e42394d48a01,euler,64x64,899,0.0026161642745137215,3.0522850685101366,1.0,299993,0,0,,,
20260105_131431,2026-01-05T13:32:49.260014,6c5a48ebebf7b83f35ca1b620494e42394d48a01,euler,64x64,999,0.0015125329373404384,3.1632812449652556,1.0,303321,0,0,,,
20260105_131431,2026-01-05T13:32:50.238567,6c5a48ebebf7b83f35ca1b620494e42394d48a01,euler,64x64,1099,0.0014534580986946821,3.261761069148779,1.0,306893,0,0,,,
20260105_131431,2026-01-05T13:32:51.379908,6c5a48ebebf7b83f35ca1b620494e42394d48a01,euler,64x64,1199,0.001988556468859315,3.3364027292620992,1.0,307713,0,0,,,
20260105_131431,2026-01-05T13:32:52.471747,6c5a48ebebf7b83f35ca1b620494e42394d48a01,euler,64x64,1299,0.0009997357847169042,3.4131592223855476,1.0,310412,0,0,,,
20260105_131431,2026-01-05T13:32:53.534711,6c5a48ebebf7b83f35ca1b620494e42394d48a01,euler,64x64,1399,0.0015766548458486795,3.424472639513933,1.0,307504,0,0,,,
20260105_131431,2026-01-05T13:32:54.527884,6c5a48ebebf7b83f35ca1b620494e42394d48a01,euler,64x64,1499,0.0003892045351676643,3.4552779356172323,1.0,309248,0,0,,,
20260105_131431,2026-01-05T13:32:55.563727,6c5a48ebebf7b83f35ca1b620494e42394d48a01,euler,64x64,1599,0.0005197025602683425,3.427334612645136,1.0,303227,0,0,,,
20260105_131431,2026-01-05T13:32:56.562378,6c5a48ebebf7b83f35ca1b620494e42394d48a01,euler,64x64,1699,0.00045574380783364177,3.419646131994314,1.0,302984,0,0,,,
20260105_131431,2026-01-05T13:32:57.512652,6c5a48ebebf7b83f35ca1b620494e42394d48a01,euler,64x64,1799,0.0006480522570200264,3.434674217365491,1.0,301948,0,0,,,
20260105_131431,2026-01-05T13:32:58.461513,6c5a48ebebf7b83f35ca1b620494e42394d48a01,euler,64x64,1899,0.0007530003786087036,3.407274236782023,1.0,299656,0,0,,,
20260105_131431,2026-01-05T13:32:59.428929,6c5a48ebebf7b83f35ca1b620494e42394d48a01,euler,64x64,1999,0.00043308414751663804,3.4093519357647075,1.0,302730,0,0,,,
20260105_131431,2026-01-05T13:33:00.370193,6c5a48ebebf7b83f35ca1b620494e42394d48a01,euler,64x64,2099,0.0006769401952624321,3.3614626205485547,1.0,297624,0,0,,,
20260105_131431,2026-01-05T13:33:01.317462,6c5a48ebebf7b83f35ca1b620494e42394d48a01,euler,64x64,2199,0.0004970703739672899,3.3584336450779575,1.0,298676,0,0,,,
20260105_131431,2026-01-05T13:33:02.259349,6c5a48ebebf7b83f35ca1b620494e42394d48a01,euler,64x64,2299,0.00025066849775612354,3.29250358430475,1.0,295532,0,0,,,
20260105_131431,2026-01-05T13:33:03.269630,6c5a48ebebf7b83f35ca1b620494e42394d48a01,euler,64x64,2399,0.0004188836319372058,3.297141003805373,1.0,291542,0,0,,,
20260105_131431,2026-01-05T13:33:04.441537,6c5a48ebebf7b83f35ca1b620494e42394d48a01,euler,64x64,2499,0.0005768776754848659,3.313505537520568,1.0,295269,0,0,,,
20260105_131431,2026-01-05T13:33:05.432809,6c5a48ebebf7b83f35ca1b620494e42394d48a01,euler,64x64,2599,0.00042723483056761324,3.241611806284327,1.0,289442,0,0,,,
20260105_131431,2026-01-05T13:33:06.394354,6c5a48ebebf7b83f35ca1b620494e42394d48a01,euler,64x64,2699,0.0005052699707448483,3.262544866005228,1.0,291414,0,0,,,
20260105_131431,2026-01-05T13:33:07.326852,6c5a48ebebf7b83f35ca1b620494e42394d48a01,euler,64x64,2799,0.0004238435358274728,3.2656508034460603,1.0,291887,0,0,,,
20260105_131431,2026-01-05T13:33:08.254085,6c5a48ebebf7b83f35ca1b620494e42394d48a01,euler,64x64,2899,0.00028892571572214365,3.266480025366054,1.0,294335,0,0,,,
20260105_131431,2026-01-05T13:33:09.215749,6c5a48ebebf7b83f35ca1b620494e42394d48a01,euler,64x64,2999,0.0002374629257246852,3.2728173749224787,1.0,295801,0,0,,,
20260105_131431,2026-01-05T13:33:10.154743,6c5a48ebebf7b83f35ca1b620494e42394d48a01,euler,64x64,3099,0.0002502935822121799,3.2580833663696556,1.0,292421,0,0,,,
20260105_131431,2026-01-05T13:33:11.216586,6c5a48ebebf7b83f35ca1b620494e42394d48a01,euler,64x64,3199,0.00019925068772863597,3.257065855054816,1.0,291075,0,0,,,
20260105_131431,2026-01-05T13:33:12.254661,6c5a48ebebf7b83f35ca1b620494e42394d48a01,euler,64x64,3299,0.00015205242380034178,3.283658314470622,1.0,294390,0,0,,,
20260105_131431,2026-01-05T13:33:13.227015,6c5a48ebebf7b83f35ca1b620494e42394d48a01,euler,64x64,3399,0.0002465386351104826,3.299143049647382,1.0,300458,0,0,,,
20260105_131431,2026-01-05T13:33:14.210243,6c5a48ebebf7b83f35ca1b620494e42394d48a01,euler,64x64,3499,0.00036027890746481717,3.2866581600065183,1.0,295939,0,0,,,
20260105_131431,2026-01-05T13:33:15.187187,6c5a48ebebf7b83f35ca1b620494e42394d48a01,euler,64x64,3599,0.00015060931036714464,3.3061777713642733,1.0,297640,0,0,,,
20260105_131431,2026-01-05T13:33:16.176658,6c5a48ebebf7b83f35ca1b620494e42394d48a01,euler,64x64,3699,0.00015584759239573032,3.3101318156110575,1.0,299904,0,0,,,
20260105_131431,2026-01-05T13:33:17.158828,6c5a48ebebf7b83f35ca1b620494e42394d48a01,euler,64x64,3799,0.00012181758211227134,3.322307224254764,1.0,302593,0,0,,,
20260105_131431,2026-01-05T13:33:18.161312,6c5a48ebebf7b83f35ca1b620494e42394d48a01,euler,64x64,3899,9.567016968503594e-05,3.312532759755422,1.0,298002,0,0,,,
20260105_131431,2026-01-05T13:33:19.156743,6c5a48ebebf7b83f35ca1b620494e42394d48a01,euler,64x64,3999,0.00016508059343323112,3.329981959470515,1.0,298912,0,0,,,
20260105_131431,2026-01-05T13:33:20.247955,6c5a48ebebf7b83f35ca1b620494e42394d48a01,euler,64x64,4099,0.0002552182413637638,3.3360708303127833,1.0,299657,0,0,,,
20260105_131431,2026-01-05T13:33:21.400082,6c5a48ebebf7b83f35ca1b620494e42394d48a01,euler,64x64,4199,0.00016856053844094276,3.3447138085503685,1.0,299851,0,0,,,
20260105_131431,2026-01-05T13:33:22.347379,6c5a48ebebf7b83f35ca1b620494e42394d48a01,euler,64x64,4299,0.00018811665358953178,3.392075503144215,1.0,305166,0,0,,,
20260105_131431,2026-01-05T13:33:23.309369,6c5a48ebebf7b83f35ca1b620494e42394d48a01,euler,64x64,4399,8.91941599547863e-05,3.3556665575984517,1.0,303415,0,0,,,
20260105_131431,2026-01-05T13:33:24.270978,6c5a48ebebf7b83f35ca1b620494e42394d48a01,euler,64x64,4499,0.00014231527165975422,3.3786940033057817,1.0,304416,0,0,,,
20260105_131431,2026-01-05T13:33:25.217550,6c5a48ebebf7b83f35ca1b620494e42394d48a01,euler,64x64,4599,0.00010206799925072119,3.3426495191509455,1.0,297719,0,0,,,
20260105_131431,2026-01-05T13:33:26.183776,6c5a48ebebf7b83f35ca1b620494e42394d48a01,euler,64x64,4699,0.00015131474356167018,3.4164173656192727,1.0,307620,0,0,,,
20260105_131431,2026-01-05T13:33:27.184903,6c5a48ebebf7b83f35ca1b620494e42394d48a01,euler,64x64,4799,8.221589814638719e-05,3.4047723853691876,1.0,308920,0,0,,,
20260105_131431,2026-01-05T13:33:28.216862,6c5a48ebebf7b83f35ca1b620494e42394d48a01,euler,64x64,4899,0.0003757745143957436,3.441845660070494,1.0,306766,0,0,,,
20260105_131431,2026-01-05T13:33:29.336956,6c5a48ebebf7b83f35ca1b620494e42394d48a01,euler,64x64,4999,0.00019208519370295107,3.4970539374891176,1.0,310338,0,0,,,
20260105_131431,2026-01-05T13:33:30.307526,6c5a48ebebf7b83f35ca1b620494e42394d48a01,euler,64x64,5099,0.0003239029902033508,3.4351990797416327,1.0,306635,0,0,,,
20260105_131431,2026-01-05T13:33:31.288178,6c5a48ebebf7b83f35ca1b620494e42394d48a01,euler,64x64,5199,0.00016371981473639607,3.444370636659396,1.0,306166,0,0,,,
20260105_131431,2026-01-05T13:33:32.266173,6c5a48ebebf7b83f35ca1b620494e42394d48a01,euler,64x64,5299,7.177161751314998e-05,3.49345158751923,1.0,309088,0,0,,,
20260105_131431,2026-01-05T13:33:33.250996,6c5a48ebebf7b83f35ca1b620494e42394d48a01,euler,64x64,5399,-1.1266452929703519e-05,3.5281943375224545,1.0,312365,0,0,,,
20260105_131431,2026-01-05T13:33:34.224432,6c5a48ebebf7b83f35ca1b620494e42394d48a01,euler,64x64,5499,5.148660420672968e-05,3.5641127917896345,1.0,313274,0,0,,,
20260105_131431,2026-01-05T13:33:35.376015,6c5a48ebebf7b83f35ca1b620494e42394d48a01,euler,64x64,5599,0.000167384059750475,3.5443418815228642,1.0,310140,0,0,,,
20260105_131431,2026-01-05T13:33:36.381396,6c5a48ebebf7b83f35ca1b620494e42394d48a01,euler,64x64,5699,0.0002540838031563908,3.5850955036081724,1.0,314627,0,0,,,
20260105_131431,2026-01-05T13:33:37.403383,6c5a48ebebf7b83f35ca1b620494e42394d48a01,euler,64x64,5799,0.00025931428535841405,3.5959952482655035,1.0,312420,0,0,,,
20260105_131431,2026-01-05T13:33:38.649322,6c5a48ebebf7b83f35ca1b620494e42394d48a01,euler,64x64,5899,0.00011710319085977972,3.5994787697003674,1.0,314387,0,0,,,
20260105_131431,2026-01-05T13:33:39.668588,6c5a48ebebf7b83f35ca1b620494e42394d48a01,euler,64x64,5999,0.00014407627168111503,3.642498254639918,1.0,316086,0,0,,,
20260105_131431,2026-01-05T13:33:40.628199,6c5a48ebebf7b83f35ca1b620494e42394d48a01,euler,64x64,6099,0.00017844352987594903,3.6752002911782893,1.0,318122,0,0,,,
20260105_131431,2026-01-05T13:33:41.598864,6c5a48ebebf7b83f35ca1b620494e42394d48a01,euler,64x64,6199,0.0001438354083802551,3.6413395748708353,1.0,315801,0,0,,,
20260105_131431,2026-01-05T13:33:42.557867,6c5a48ebebf7b83f35ca1b620494e42394d48a01,euler,64x64,6299,0.00019836195860989392,3.6382623732246975,1.0,313268,0,0,,,
20260105_131431,2026-01-05T13:33:43.564323,6c5a48ebebf7b83f35ca1b620494e42394d48a01,euler,64x64,6399,5.8114244893658906e-05,3.6636163044409296,1.0,315788,0,0,,,
20260105_131431,2026-01-05T13:33:44.542882,6c5a48ebebf7b83f35ca1b620494e42394d48a01,euler,64x64,6499,0.00033519978751428425,3.6996481047779435,1.0,319212,0,0,,,
20260105_131431,2026-01-05T13:33:45.630965,6c5a48ebebf7b83f35ca1b620494e42394d48a01,euler,64x64,6599,0.00041969900485128164,3.6985823155456092,1.0,322175,0,0,,,
20260105_131431,2026-01-05T13:33:46.719303,6c5a48ebebf7b83f35ca1b620494e42394d48a01,euler,64x64,6699,0.0001343634503427893,3.6870120339105235,1.0,317221,0,0,,,
20260105_131431,2026-01-05T13:33:47.723973,6c5a48ebebf7b83f35ca1b620494e42394d48a01,euler,64x64,6799,0.0002236337459180504,3.669477564615604,1.0,315848,0,0,,,
20260105_131431,2026-01-05T13:33:48.811416,6c5a48ebebf7b83f35ca1b620494e42394d48a01,euler,64x64,6899,0.00012676713231485337,3.718692941000654,1.0,318885,0,0,,,
20260105_131431,2026-01-05T13:33:49.789668,6c5a48ebebf7b83f35ca1b620494e42394d48a01,euler,64x64,6999,8.598083513788879e-05,3.713968188081344,1.0,321352,0,0,,,
20260105_131431,2026-01-05T13:33:50.746470,6c5a48ebebf7b83f35ca1b620494e42394d48a01,euler,64x64,7099,-2.0174411474727094e-05,3.727605367310921,1.0,321580,0,0,,,
20260105_131431,2026-01-05T13:33:51.717619,6c5a48ebebf7b83f35ca1b620494e42394d48a01,euler,64x64,7199,0.0001034686210914515,3.754645757200833,1.0,322018,0,0,,,
20260105_131431,2026-01-05T13:33:52.665343,6c5a48ebebf7b83f35ca1b620494e42394d48a01,euler,64x64,7299,8.614827675046399e-05,3.732341783487691,1.0,321537,0,0,,,
20260105_131431,2026-01-05T13:33:53.761928,6c5a48ebebf7b83f35ca1b620494e42394d48a01,euler,64x64,7399,0.00017525888688396662,3.7579874189813154,1.0,320524,0,0,,,
20260105_131431,2026-01-05T13:33:55.053394,6c5a48ebebf7b83f35ca1b620494e42394d48a01,euler,64x64,7499,0.00013835732534062117,3.8497479616465626,1.0,324265,0,0,,,
20260105_131431,2026-01-05T13:33:56.074761,6c5a48ebebf7b83f35ca1b620494e42394d48a01,euler,64x64,7599,4.6567416575271636e-05,3.7858003870610446,1.0,322880,0,0,,,
20260105_131431,2026-01-05T13:33:57.042288,6c5a48ebebf7b83f35ca1b620494e42394d48a01,euler,64x64,7699,0.00013651206973008811,3.842193998619391,1.0,327735,0,0,,,
20260105_131431,2026-01-05T13:33:58.034455,6c5a48ebebf7b83f35ca1b620494e42394d48a01,euler,64x64,7799,0.00023435773618984967,3.8234911471027364,1.0,324854,0,0,,,
20260105_131431,2026-01-05T13:33:59.035459,6c5a48ebebf7b83f35ca1b620494e42394d48a01,euler,64x64,7899,0.00017896140343509614,3.8971688295611466,1.0,330884,0,0,,,
20260105_131431,2026-01-05T13:33:59.970562,6c5a48ebebf7b83f35ca1b620494e42394d48a01,euler,64x64,7999,4.960495789418928e-05,3.9301204606808504,1.0,334713,0,0,,,
20260105_131431,2026-01-05T13:34:00.935317,6c5a48ebebf7b83f35ca1b620494e42394d48a01,euler,64x64,8099,7.591080793645233e-05,3.861672861029151,1.0,327130,0,0,,,
20260105_131431,2026-01-05T13:34:01.903869,6c5a48ebebf7b83f35ca1b620494e42394d48a01,euler,64x64,8199,5.352045991457999e-05,3.924995830358898,1.0,328395,0,0,,,
20260105_131431,2026-01-05T13:34:02.902349,6c5a48ebebf7b83f35ca1b620494e42394d48a01,euler,64x64,8299,5.979678462608717e-06,3.884790087892388,1.0,327877,0,0,,,
20260105_131431,2026-01-05T13:34:03.921940,6c5a48ebebf7b83f35ca1b620494e42394d48a01,euler,64x64,8399,0.00013048492837697268,3.882691082857314,1.0,324639,0,0,,,
20260105_131431,2026-01-05T13:34:05.085666,6c5a48ebebf7b83f35ca1b620494e42394d48a01,euler,64x64,8499,9.97345196083188e-05,3.9137568418138473,1.0,327317,0,0,,,
20260105_131431,2026-01-05T13:34:06.055173,6c5a48ebebf7b83f35ca1b620494e42394d48a01,euler,64x64,8599,0.00018180732149630785,3.9350192842930256,1.0,326408,0,0,,,
20260105_131431,2026-01-05T13:34:07.035584,6c5a48ebebf7b83f35ca1b620494e42394d48a01,euler,64x64,8699,0.00010201899567618966,3.9307176941938313,1.0,329412,0,0,,,
20260105_131431,2026-01-05T13:34:08.021519,6c5a48ebebf7b83f35ca1b620494e42394d48a01,euler,64x64,8799,0.00023477146169170737,3.96975611097399,1.0,333987,0,0,,,
20260105_131431,2026-01-05T13:34:09.005759,6c5a48ebebf7b83f35ca1b620494e42394d48a01,euler,64x64,8899,0.00013753256644122303,3.9488438740794254,1.0,329121,0,0,,,
20260105_131431,2026-01-05T13:34:10.006594,6c5a48ebebf7b83f35ca1b620494e42394d48a01,euler,64x64,8999,9.883761231321841e-05,3.960547115478248,1.0,328398,0,0,,,
20260105_131431,2026-01-05T13:34:10.943182,6c5a48ebebf7b83f35ca1b620494e42394d48a01,euler,64x64,9099,0.000123331235954538,3.9880988390935364,1.0,332638,0,0,,,
20260105_131431,2026-01-05T13:34:11.893413,6c5a48ebebf7b83f35ca1b620494e42394d48a01,euler,64x64,9199,0.00014090603508520871,3.98482929561716,1.0,336741,0,0,,,
20260105_131431,2026-01-05T13:34:13.159793,6c5a48ebebf7b83f35ca1b620494e42394d48a01,euler,64x64,9299,0.00011923095735255629,3.985463765679342,1.0,329745,0,0,,,
20260105_131431,2026-01-05T13:34:14.133786,6c5a48ebebf7b83f35ca1b620494e42394d48a01,euler,64x64,9399,0.0001296951959375292,3.970619663982784,1.0,326268,0,0,,,
20260105_131431,2026-01-05T13:34:15.053994,6c5a48ebebf7b83f35ca1b620494e42394d48a01,euler,64x64,9499,0.00016061484348028898,3.9736345923387626,1.0,327669,0,0,,,
20260105_131431,2026-01-05T13:34:15.981300,6c5a48ebebf7b83f35ca1b620494e42394d48a01,euler,64x64,9599,0.00020174140809103847,4.009774743177181,1.0,330222,0,0,,,
20260105_131431,2026-01-05T13:34:16.967652,6c5a48ebebf7b83f35ca1b620494e42394d48a01,euler,64x64,9699,6.951482646400109e-05,4.0156128503804895,1.0,328529,0,0,,,
20260105_131431,2026-01-05T13:34:17.893437,6c5a48ebebf7b83f35ca1b620494e42394d48a01,euler,64x64,9799,0.00017157220281660557,4.00794924430586,1.0,325414,0,0,,,
20260105_131431,2026-01-05T13:34:18.897708,6c5a48ebebf7b83f35ca1b620494e42394d48a01,euler,64x64,9899,0.00011166978947585449,4.048933316512294,1.0,330141,0,0,,,
20260105_131431,2026-01-05T13:34:19.888932,6c5a48ebebf7b83f35ca1b620494e42394d48a01,euler,64x64,9999,0.0003165959205944091,4.0859671734393075,1.0,328838,0,0,,,
